{
  "project_info": {
    "project_number": "718713164450",
    "project_id": "spa-app-e98f0",
    "storage_bucket": "spa-app-e98f0.appspot.com"
  },
  "client": [
    {
      "client_info": {
        "mobilesdk_app_id": "1:718713164450:android:f2a529a79733ff355e7dfb",
        "android_client_info": {
          "package_name": "com.meego.apps"
        }
      },
      "oauth_client": [
        {
          "client_id": "718713164450-0gch77227a8g9r2qd5e85kd43146bgc1.apps.googleusercontent.com",
          "client_type": 1,
          "android_info": {
            "package_name": "com.meego.apps",
            "certificate_hash": "71f01a88752732a58dc8af476acbfc0100c6df49"
          }
        },
        {
          "client_id": "718713164450-8g9i1on8ekdoc6u01cprnl4ak8ft8i1n.apps.googleusercontent.com",
          "client_type": 1,
          "android_info": {
            "package_name": "com.meego.apps",
            "certificate_hash": "8edff512fe7afc107f1a39446acf8530653743c3"
          }
        },
        {
          "client_id": "718713164450-8lv7t7qkub1m6mhckpujmfk2pqsdn654.apps.googleusercontent.com",
          "client_type": 1,
          "android_info": {
            "package_name": "com.meego.apps",
            "certificate_hash": "ce57c5fedf3099ab2ba179f90376084624cfc703"
          }
        },
        {
          "client_id": "718713164450-aq60h16tcha25qqia5qkiefbco06m4od.apps.googleusercontent.com",
          "client_type": 3
        }
      ],
      "api_key": [
        {
          "current_key": "AIzaSyBDkGV78syIaU4fhc5VBW1pzK0GwcLyJeQ"
        }
      ],
      "services": {
        "appinvite_service": {
          "other_platform_oauth_client": [
            {
              "client_id": "718713164450-aq60h16tcha25qqia5qkiefbco06m4od.apps.googleusercontent.com",
              "client_type": 3
            },
            {
              "client_id": "718713164450-41jcj0ddadd5dm3lfmfn9d5ti9cshnfk.apps.googleusercontent.com",
              "client_type": 2,
              "ios_info": {
                "bundle_id": "com.meego.app"
              }
            }
          ]
        }
      }
    },
    {
      "client_info": {
        "mobilesdk_app_id": "1:718713164450:android:0ee1d3f97c14ace65e7dfb",
        "android_client_info": {
          "package_name": "com.meego.partnerapp"
        }
      },
      "oauth_client": [
        {
          "client_id": "718713164450-7boh35g0st4km19qc23o35ui9cqif33b.apps.googleusercontent.com",
          "client_type": 1,
          "android_info": {
            "package_name": "com.meego.partnerapp",
            "certificate_hash": "8edff512fe7afc107f1a39446acf8530653743c3"
          }
        },
        {
          "client_id": "718713164450-pnrh3stbr9ut2ijglofafp53m2ege78o.apps.googleusercontent.com",
          "client_type": 1,
          "android_info": {
            "package_name": "com.meego.partnerapp",
            "certificate_hash": "106fd815c6d8c40d29f0794a6e47652dbd2e7e9f"
          }
        },
        {
          "client_id": "718713164450-s0h3g2llbrmk6c0cv19bvptr0gpabfr7.apps.googleusercontent.com",
          "client_type": 1,
          "android_info": {
            "package_name": "com.meego.partnerapp",
            "certificate_hash": "d08493224f0f809ba36eea10fe8745d8d752b2e0"
          }
        },
        {
          "client_id": "718713164450-aq60h16tcha25qqia5qkiefbco06m4od.apps.googleusercontent.com",
          "client_type": 3
        }
      ],
      "api_key": [
        {
          "current_key": "AIzaSyBDkGV78syIaU4fhc5VBW1pzK0GwcLyJeQ"
        }
      ],
      "services": {
        "appinvite_service": {
          "other_platform_oauth_client": [
            {
              "client_id": "718713164450-aq60h16tcha25qqia5qkiefbco06m4od.apps.googleusercontent.com",
              "client_type": 3
            },
            {
              "client_id": "718713164450-41jcj0ddadd5dm3lfmfn9d5ti9cshnfk.apps.googleusercontent.com",
              "client_type": 2,
              "ios_info": {
                "bundle_id": "com.meego.app"
              }
            }
          ]
        }
      }
    }
  ],
  "configuration_version": "1"
}